{
	"urls": ["sprite.mp3"],
	"sprite": {
		"airhorn": [0, 2585.374149659864],
		"buzzer": [4000, 1175.5102040816325],
		"circle": [7000, 1628.616780045352],
		"diagonally": [10000, 868.6394557823131],
		"ding": [12000, 1212.2902494331065],
		"drank": [15000, 1505.4195011337868],
		"frog": [18000, 501.6553287981864],
		"ka-ching": [20000, 1092.3809523809532],
		"law-and-order": [23000, 1030.294784580498],
		"oh-yeah": [26000, 1833.2653061224491],
		"power-up": [29000, 990.4988662131516],
		"quack": [31000, 1041.7006802721075],
		"shots": [34000, 2307.5056689342405],
		"super-mario": [38000, 744.1496598639433],
		"taco-bell": [40000, 1349.9773242630367],
		"titty-sprinkles": [43000, 1361.791383219952],
		"toad": [46000, 1014.9433106575998],
		"waluigi": [49000, 677.6870748299331],
		"windows": [51000, 2039.999999999999],
		"yeet": [55000, 417.9591836734673],
		"you-what": [57000, 889.0476190476164]
	}
}
